X,D,Y
0,0,1.0897582
.0050025014,1,3.1219423
.010005003,0,1.1163102
.015007503,0,.41172495
.020010006,0,.83122939
.025012506,0,.017549772
.030015007,0,2.0704901
.035017509,0,1.0313096
.040020011,0,1.6348033
.04502251,0,2.1719737
.050025012,0,.68170166
.055027515,0,1.8059872
.060030013,0,1.5334003
.065032519,0,1.3660196
.070035018,0,.81208569
.075037517,0,.5596593
.080040023,1,2.7608857
.085042521,0,.2808165
.09004502,0,.35666037
.095047526,0,1.5344058
.10005002,0,1.0496895
.10505252,0,1.3440291
.11005503,1,3.6328266
.11505753,0,1.8737487
.12006003,0,1.8333495
.12506253,0,.75293911
.13006504,0,2.0000956
.13506754,0,1.0824543
.14007004,0,1.5221806
.14507253,1,3.7707436
.15007503,0,1.1658498
.15507753,1,3.2729375
.16008005,1,2.9493165
.16508254,0,1.026256
.17008504,0,1.2420732
.17508754,0,1.3552407
.18009004,0,.51558173
.18509255,0,.69825113
.19009505,0,.96121508
.19509755,1,3.5632501
.20010005,0,-.45405617
.20510255,0,1.7616955
.21010505,0,1.2691059
.21510756,0,1.0425398
.22011006,1,3.9591768
.22511256,0,1.1379915
.23011506,0,1.0644015
.23511755,0,1.532078
.24012005,0,.85630649
.24512257,0,1.0250497
.25012505,0,1.782168
.25512755,0,.74758399
.26013008,0,.52249795
.26513258,0,.23729065
.27013507,0,1.1434524
.27513757,0,1.7182968
.28014007,0,1.2839772
.28514257,0,1.247843
.29014507,0,.85208511
.29514757,0,-.39701355
.30015007,0,1.0938008
.30515257,0,1.6467087
.31015506,0,1.631974
.31515759,0,.71845859
.32016009,0,.26083657
.32516259,0,1.1858414
.33016509,0,1.7291148
.33516759,0,.85573065
.34017009,0,.30955192
.34517258,0,1.0061626
.35017508,0,1.3713901
.35517758,0,1.3804588
.36018008,0,1.8254818
.36518258,0,.37796786
.37018511,0,.65803212
.37518761,0,-.24353927
.3801901,0,1.9507711
.3851926,0,2.2479777
.3901951,0,.36557931
.3951976,0,1.2673216
.4002001,0,.28815466
.4052026,0,1.6540672
.4102051,0,1.4882364
.41520759,0,.57366055
.42021009,0,.8446297
.42521259,1,3.4418418
.43021512,0,1.5189446
.43521762,0,.80682403
.44022012,0,.41609022
.44522262,0,1.896064
.45022511,0,.96922171
.45522761,0,1.6799024
.46023011,1,3.9177334
.46523261,0,.56194615
.47023511,0,.94944078
.47523761,0,1.5903475
.48024011,0,1.1151532
.48524264,0,1.4235657
.49024513,0,.12163663
.49524763,0,1.5228983
.5002501,0,1.1431097
.5052526,0,1.1654232
.5102551,0,1.7538235
.51525766,0,1.4047346
.52026016,0,.30715284
.52526265,0,1.3769329
.53026515,0,.90923417
.53526765,0,.94205528
.54027015,0,.96080232
.54527265,0,.72297019
.55027515,0,1.0598094
.55527765,0,1.1172146
.56028014,0,2.057327
.56528264,1,2.0956874
.57028514,1,2.1397266
.57528764,0,.26678565
.58029014,0,.71948558
.58529264,0,.75278294
.59029514,0,.70188928
.59529763,1,3.2940683
.60030013,0,1.7799581
.60530263,0,1.7102921
.61030513,0,1.5034409
.61530763,0,1.0382174
.62031013,0,.13507695
.62531269,0,2.0075846
.63031518,0,1.5111985
.63531768,0,1.3834233
.64032018,0,.83272302
.64532268,0,.7215423
.65032518,0,1.0263939
.65532768,0,1.2950164
.66033018,0,.67156518
.66533267,0,1.9788876
.67033517,0,.3452253
.67533767,0,1.4043733
.68034017,0,1.1078155
.68534267,0,1.1842943
.69034517,0,1.6212046
.69534767,0,.88306129
.70035017,1,2.3232541
.70535266,0,1.1582425
.71035516,0,1.1316804
.71535766,1,3.4163294
.72036016,0,1.8289239
.72536266,0,.31610826
.73036516,0,1.8688686
.73536766,0,.17728104
.74037021,1,2.9641969
.74537271,1,3.5571737
.75037521,0,.6981827
.75537771,0,1.2221899
.76038021,0,.4089942
.76538271,1,2.412643
.77038521,0,1.3185557
.7753877,1,3.6048958
.7803902,0,1.1159903
.7853927,0,.36908114
.7903952,0,1.4947804
.7953977,0,1.4251575
.8004002,0,.99727386
.8054027,0,.50097513
.81040519,1,2.2432389
.81540769,0,.42970324
.82041019,0,.34452903
.82541269,0,.34011057
.83041519,0,.91082805
.83541769,0,1.284647
.84042019,0,1.8491794
.84542269,0,1.4672773
.85042518,1,1.7233405
.85542774,0,1.9534056
.86043024,0,.9841879
.86543274,0,1.8836139
.87043524,0,1.7388703
.87543774,0,1.1424605
.88044024,0,.19033548
.88544273,0,.56879461
.89044523,0,.84169775
.89544773,0,2.0520487
.90045023,0,.91732103
.90545273,0,1.0767385
.91045523,0,.69323558
.91545773,0,1.9632457
.92046022,1,3.5610371
.92546272,0,1.9918388
.93046522,0,1.7743189
.93546772,0,1.5369195
.94047022,0,2.0406244
.94547272,1,3.6847889
.95047522,0,.8398428
.95547771,0,1.2891136
.96048021,0,1.3452493
.96548271,0,1.1457615
.97048527,0,2.8820145
.97548777,0,1.5430795
.98049027,0,-.039103638
.98549277,0,-.18151636
.99049526,0,2.7160928
.99549776,0,.95153946
1.0005002,0,1.162528
1.0055027,0,1.9678428
1.0105052,0,1.4359635
1.0155077,0,-.09843865
1.0205102,0,.71708971
1.0255128,0,1.8968903
1.0305153,0,1.082997
1.0355178,1,3.7843797
1.0405203,0,1.6973329
1.0455228,0,.70956081
1.0505253,1,3.0400746
1.0555278,1,2.000762
1.0605303,0,1.4213133
1.0655328,0,1.1509192
1.0705353,1,3.8391757
1.0755378,0,.95475394
1.0805403,0,.34388828
1.0855428,0,1.8460385
1.0905453,0,1.0709767
1.0955478,0,-.532372
1.1005503,0,.56640041
1.1055528,0,1.1780838
1.1105553,0,1.3615829
1.1155578,0,1.0149208
1.1205603,0,.53226894
1.1255628,0,2.2755382
1.1305653,0,.64315873
1.1355678,1,3.8519416
1.1405703,0,1.2700433
1.1455728,1,2.2747097
1.1505753,1,2.6685245
1.1555778,0,.3338874
1.1605803,0,1.7452221
1.1655828,0,.60710162
1.1705853,0,1.5143316
1.1755878,0,1.2772315
1.1805903,0,1.3934542
1.1855928,0,1.2506932
1.1905953,0,.54100299
1.1955978,0,1.7946849
1.2006003,0,.95808035
1.2056028,0,2.2333136
1.2106053,1,3.6905568
1.2156078,0,.80041122
1.2206103,0,1.5355647
1.2256128,1,3.6962552
1.2306153,0,1.4145588
1.2356178,0,.64874059
1.2406203,0,.73167151
1.2456228,0,2.4210129
1.2506254,0,2.6970763
1.2556279,0,1.1735061
1.2606304,0,1.3565155
1.2656329,1,3.0570083
1.2706354,0,1.7252766
1.2756379,0,1.1393559
1.2806404,0,2.1957242
1.2856429,0,1.0817704
1.2906454,0,1.8540583
1.2956479,0,.89271963
1.3006504,1,2.8830624
1.3056529,0,.49193797
1.3106554,0,1.7244718
1.3156579,0,1.7187675
1.3206604,0,1.9767689
1.3256629,0,1.3955207
1.3306653,0,1.9624808
1.3356678,0,1.0448788
1.3406703,1,2.8331542
1.3456728,0,1.6979837
1.3506753,0,1.3631777
1.3556778,0,1.1958656
1.3606803,0,.23645256
1.3656828,0,.58842957
1.3706853,1,2.9732573
1.3756878,0,1.8296009
1.3806903,0,.90261126
1.3856928,0,.9678756
1.3906953,0,1.8395008
1.3956978,0,.53289348
1.4007003,1,2.5729547
1.4057028,0,1.7329694
1.4107053,0,1.4108157
1.4157078,0,.88233572
1.4207103,0,1.026421
1.4257128,0,1.1683104
1.4307153,0,1.6356637
1.4357178,0,.92713785
1.4407203,0,1.0575418
1.4457228,0,.8119719
1.4507253,0,-.19885361
1.4557278,0,.48215872
1.4607303,0,2.2451012
1.4657328,0,1.7976508
1.4707353,0,1.5621103
1.4757378,0,.80398023
1.4807404,0,1.4353359
1.4857429,1,4.4054914
1.4907454,0,1.1942977
1.4957479,0,2.4181945
1.5007504,0,.88901627
1.5057529,0,1.3071485
1.5107554,0,1.5023365
1.5157579,0,1.393394
1.5207604,0,.47432917
1.5257629,1,3.3288901
1.5307654,1,4.1953449
1.5357679,0,.47267607
1.5407704,0,1.868939
1.5457729,0,1.7097776
1.5507754,0,1.0955154
1.5557779,0,1.6187913
1.5607804,0,1.5694283
1.5657829,0,.90694451
1.5707854,0,1.600543
1.5757879,0,1.6057935
1.5807904,0,2.2414448
1.5857929,0,2.2743349
1.5907954,0,.64840674
1.5957979,1,2.4187047
1.6008004,1,4.2413907
1.6058029,0,1.2764758
1.6108054,1,3.6308827
1.6158079,0,.52912581
1.6208104,1,3.8445282
1.6258129,0,2.8929958
1.6308154,0,1.7873771
1.6358179,1,4.0376797
1.6408204,0,2.407769
1.6458229,0,.26004267
1.6508254,0,2.6495788
1.6558279,1,3.1183894
1.6608304,0,.55015969
1.6658329,0,1.6383066
1.6708354,0,1.5188662
1.6758379,0,.75437075
1.6808404,1,4.8905034
1.6858429,0,1.0927323
1.6908454,0,1.7103205
1.6958479,0,1.2440758
1.7008504,0,1.2549013
1.705853,0,1.3140053
1.7108555,0,1.1333963
1.715858,0,.23619372
1.7208605,0,2.4902115
1.725863,0,1.3988851
1.7308655,0,1.6049016
1.735868,0,.14272362
1.7408705,0,1.7127552
1.745873,0,1.9664302
1.7508755,0,.54534364
1.755878,0,1.4572068
1.7608805,0,1.7019703
1.765883,0,1.0841935
1.7708855,0,1.5725831
1.775888,0,1.3643273
1.7808905,0,1.3259662
1.785893,0,1.0001886
1.7908955,0,1.5570234
1.795898,0,1.1027285
1.8009005,0,.70811826
1.805903,0,-.29528481
1.8109055,0,1.74549
1.815908,0,1.2550395
1.8209105,0,1.4756737
1.825913,0,.2451462
1.8309155,0,1.6703084
1.8359179,0,1.4042262
1.8409204,0,1.4101876
1.8459229,0,1.3754654
1.8509254,0,1.7449511
1.8559279,0,2.2724812
1.8609304,0,1.5102503
1.8659329,0,2.0374422
1.8709354,0,2.2142463
1.8759379,0,.88089114
1.8809404,0,1.9080712
1.8859429,0,.98300487
1.8909454,0,.91516316
1.8959479,0,2.7980907
1.9009504,1,3.7872989
1.9059529,0,2.0054214
1.9109554,0,1.8499312
1.9159579,0,.96250117
1.9209604,0,2.8255827
1.9259629,0,1.2077147
1.9309654,1,4.1352153
1.935968,0,2.4593799
1.9409705,0,.88663918
1.945973,1,3.8308001
1.9509755,0,1.5430404
1.955978,0,.26470095
1.9609805,0,.45723823
1.965983,0,2.2754581
1.9709855,0,.92984307
1.975988,0,.87428617
1.9809905,0,1.7504784
1.985993,0,1.5952632
1.9909955,0,1.7493595
1.995998,0,1.0634766
2.0010004,1,4.7301526
2.0060029,0,.58451366
2.0110054,0,1.4945973
2.0160079,0,1.2265631
2.0210104,0,1.493992
2.0260129,1,2.6807609
2.0310154,1,4.1026278
2.0360179,0,2.01809
2.0410204,0,1.4847361
2.0460231,0,1.7691697
2.0510256,1,3.905056
2.0560281,0,1.9642167
2.0610306,1,4.0922108
2.0660331,0,1.5603061
2.0710356,0,.8885721
2.0760381,0,2.0551381
2.0810406,0,2.2924294
2.0860431,1,3.4984939
2.0910456,1,2.7370243
2.0960481,0,1.0462539
2.1010506,0,1.6917602
2.1060531,0,1.7051947
2.1110556,0,.69974017
2.1160581,0,2.1931772
2.1210606,0,1.5428213
2.1260631,0,1.8270894
2.1310656,1,3.3517087
2.1360681,1,2.9043851
2.1410706,0,1.2032937
2.1460731,0,1.2504309
2.1510756,1,4.0024915
2.1560781,1,4.2607985
2.1610806,0,2.5228543
2.1660831,0,1.6649747
2.1710856,1,4.1875281
2.1760881,0,1.4354503
2.1810906,0,1.486536
2.1860931,0,.52788395
2.1910956,0,2.2980537
2.1960981,0,1.7996408
2.2011006,0,.52233118
2.2061031,0,1.97956
2.2111056,1,3.7443209
2.2161081,0,2.2524111
2.2211106,1,3.242028
2.2261131,0,.36252022
2.2311156,1,4.0389085
2.2361181,1,4.2191801
2.2411206,0,2.3876727
2.2461231,0,2.4194572
2.2511256,0,.98893839
2.2561281,1,4.0434103
2.2611306,0,1.9645392
2.2661331,0,2.1866553
2.2711356,0,2.1459489
2.2761381,0,2.1708972
2.2811406,0,1.2052743
2.2861431,1,3.6802514
2.2911456,0,1.8279837
2.2961481,0,.87692571
2.3011506,0,1.2935671
2.3061531,1,3.9321167
2.3111556,1,3.7897964
2.3161581,1,4.3720407
2.3211606,1,4.0383005
2.3261631,0,1.67472
2.3311656,0,2.5095825
2.3361681,0,.13361372
2.3411705,0,2.0664027
2.346173,0,1.1184036
2.3511755,0,1.7169363
2.356178,0,2.0103951
2.3611805,1,3.6867793
2.366183,0,2.1345654
2.3711855,1,3.2327807
2.376188,1,3.6614914
2.3811905,0,2.4326916
2.386193,0,1.7289596
2.3911955,0,1.498422
2.396198,0,1.5885314
2.4012005,0,.66245228
2.406203,0,1.8091282
2.4112055,1,2.6807706
2.416208,0,2.9576237
2.4212105,0,2.5144498
2.426213,1,3.4826787
2.4312155,0,2.0114441
2.436218,0,1.5281796
2.4412205,0,1.1630104
2.446223,0,2.063844
2.4512255,0,2.2341559
2.456228,0,1.8085517
2.4612305,0,2.258204
2.466233,0,1.3683097
2.4712355,0,1.9260972
2.476238,0,1.398322
2.4812405,1,4.4870071
2.486243,1,2.6796052
2.4912455,0,2.346216
2.496248,0,2.6790388
2.5012507,0,1.2536522
2.5062532,0,1.5599791
2.5112557,1,3.9719229
2.5162582,0,1.0763012
2.5212607,0,1.427667
2.5262632,1,4.0932312
2.5312657,0,1.0756264
2.5362682,0,2.003773
2.5412707,0,1.3146427
2.5462732,0,1.589867
2.5512757,0,1.3221394
2.5562782,0,1.2486243
2.5612807,1,4.0066676
2.5662832,0,1.167192
2.5712857,0,2.2071509
2.5762882,0,1.6580966
2.5812907,0,1.273586
2.5862932,1,3.4012401
2.5912957,0,1.7236973
2.5962982,0,1.2903972
2.6013007,0,1.0769844
2.6063032,0,1.7767962
2.6113057,0,2.2272131
2.6163082,0,1.5114117
2.6213107,1,3.9209828
2.6263132,0,1.6532809
2.6313157,0,1.2807074
2.6363182,1,3.5920825
2.6413207,0,1.5126016
2.6463232,0,.48786566
2.6513257,0,.96866339
2.6563282,1,3.2514346
2.6613307,0,2.7101328
2.6663332,0,2.5481086
2.6713357,0,1.9749851
2.6763382,0,1.6777023
2.6813407,1,3.7189908
2.6863432,0,1.2995182
2.6913457,0,1.614807
2.6963482,0,3.0664883
2.7013507,0,2.1380143
2.7063532,1,3.896296
2.7113557,0,.30249855
2.7163582,0,1.6627676
2.7213607,0,1.9305836
2.7263632,0,1.2369039
2.7313657,0,3.3994951
2.7363682,0,2.1985111
2.7413707,0,2.3446102
2.7463732,0,1.0438153
2.7513757,0,.86518335
2.7563782,0,1.4340752
2.7613807,1,4.4692526
2.7663832,0,1.8224794
2.7713857,0,1.9572258
2.7763882,0,2.2690492
2.7813907,1,4.0754991
2.7863932,1,3.893127
2.7913957,0,1.4896907
2.7963982,0,2.7985182
2.8014007,1,3.6539497
2.8064032,0,2.1000416
2.8114057,0,.78011531
2.8164082,0,1.5286484
2.8214107,0,1.0386586
2.8264132,0,1.6905324
2.8314157,1,3.8731749
2.8364182,0,2.1792927
2.8414207,0,2.6425426
2.8464231,0,1.7848465
2.8514256,0,2.4944062
2.8564281,0,1.5990852
2.8614306,1,3.292959
2.8664331,0,.93290102
2.8714356,1,4.5567555
2.8764381,0,.45985016
2.8814406,0,2.5007117
2.8864431,0,2.1893134
2.8914456,0,1.6040833
2.8964481,1,4.7813363
2.9014506,0,2.4209175
2.9064531,1,3.3139818
2.9114556,0,1.7340977
2.9164581,1,3.6908944
2.9214606,1,4.3061194
2.9264631,0,1.0114778
2.9314656,1,2.5128512
2.9364681,0,1.9993542
2.9414706,0,1.1775304
2.9464731,0,1.2626745
2.9514756,0,1.7914735
2.9564784,1,3.3302484
2.9614809,0,2.8806427
2.9664834,0,1.124112
2.9714859,0,1.0389667
2.9764884,0,1.4609811
2.9814909,0,1.0578573
2.9864933,1,5.2008677
2.9914958,0,2.9104216
2.9964983,0,1.0620372
3.0015008,1,4.0275331
3.0065033,1,3.9129949
3.0115058,0,2.1873312
3.0165083,1,4.0355983
3.0215108,0,1.2990268
3.0265133,0,.92417145
3.0315158,0,1.5943203
3.0365183,0,1.2338523
3.0415208,0,2.5679274
3.0465233,1,4.0305724
3.0515258,0,2.0139797
3.0565283,1,4.4548893
3.0615308,1,3.2161727
3.0665333,0,2.6903763
3.0715358,0,1.6330808
3.0765383,0,.9622342
3.0815408,0,1.8915139
3.0865433,1,3.5673192
3.0915458,1,3.4086149
3.0965483,0,2.4163661
3.1015508,0,1.5895606
3.1065533,0,2.2682731
3.1115558,0,2.9980786
3.1165583,0,1.4113013
3.1215608,0,1.0541005
3.1265633,0,1.9044318
3.1315658,0,2.0515378
3.1365683,0,2.430197
3.1415708,0,2.5237865
3.1465733,1,3.9399588
3.1515758,1,3.7668042
3.1565783,0,1.3941953
3.1615808,0,1.704924
3.1665833,1,3.4270205
3.1715858,1,3.2870317
3.1765883,1,4.0324488
3.1815908,0,1.2459341
3.1865933,1,4.1655436
3.1915958,1,3.1570125
3.1965983,1,3.9134521
3.2016008,0,2.4107177
3.2066033,0,1.6178292
3.2116058,0,2.2250271
3.2166083,1,3.6990983
3.2216108,0,1.2627949
3.2266133,0,1.3941082
3.2316158,0,1.1030217
3.2366183,1,3.000567
3.2416208,0,1.1661209
3.2466233,0,2.0310199
3.2516258,0,2.4554541
3.2566283,1,3.8359587
3.2616308,0,1.2317295
3.2666333,1,2.852061
3.2716358,1,3.2474005
3.2766383,0,1.7263877
3.2816408,1,3.5228548
3.2866433,1,4.532445
3.2916458,0,1.8171592
3.2966483,1,3.5357594
3.3016508,0,2.3913567
3.3066533,1,3.6660666
3.3116558,0,1.7065861
3.3166583,0,2.2687142
3.3216608,0,2.2626765
3.3266633,0,2.3656695
3.3316658,1,3.6507208
3.3366683,0,2.3555653
3.3416708,0,1.9886235
3.3466733,0,1.7613746
3.3516757,0,1.5292802
3.3566782,0,1.0755906
3.3616807,0,1.6933481
3.3666832,1,4.087225
3.3716857,0,1.7935454
3.3766882,0,1.8353567
3.3816907,0,.90823263
3.3866932,0,1.8848059
3.3916957,0,1.7243967
3.3966982,1,3.4117229
3.4017007,1,4.4347067
3.4067032,0,1.2651837
3.411706,0,1.8041111
3.4167085,1,2.5682218
3.421711,1,4.0777049
3.4267135,1,4.0399013
3.431716,0,2.1302876
3.4367185,1,3.0453517
3.441721,0,1.5666406
3.4467235,0,3.1680374
3.451726,0,2.6370909
3.4567285,0,2.0093429
3.461731,0,1.6760023
3.4667335,1,4.1756816
3.471736,1,3.3648677
3.4767385,0,1.4299974
3.481741,0,1.6482239
3.4867435,1,3.3299356
3.4917459,0,.70773798
3.4967484,0,.70802844
3.5017509,0,2.8441508
3.5067534,1,5.0861068
3.5117559,0,2.7512386
3.5167584,1,3.7940881
3.5217609,0,1.569375
3.5267634,0,2.5587723
3.5317659,0,2.8416307
3.5367684,0,2.0999775
3.5417709,0,1.6168958
3.5467734,1,5.4902754
3.5517759,0,2.1365392
3.5567784,0,1.1455771
3.5617809,0,1.8116283
3.5667834,0,1.3943294
3.5717859,0,1.9391752
3.5767884,0,2.4489682
3.5817909,0,2.0788836
3.5867934,1,3.2389619
3.5917959,1,3.2110503
3.5967984,1,3.8918829
3.6018009,0,1.4608424
3.6068034,0,2.4134905
3.6118059,1,3.4196959
3.6168084,1,3.3275118
3.6218109,1,2.535078
3.6268134,0,2.7267814
3.6318159,0,2.5255473
3.6368184,1,3.6982398
3.6418209,1,4.2385478
3.6468234,1,2.9494765
3.6518259,1,3.8740268
3.6568284,0,1.9722195
3.6618309,0,2.3832643
3.6668334,1,4.2480574
3.6718359,1,4.9392266
3.6768384,0,1.079199
3.6818409,0,1.0967227
3.6868434,0,1.6463473
3.6918459,1,4.7476892
3.6968484,1,3.7646348
3.7018509,0,1.2711536
3.7068534,0,1.833848
3.7118559,0,2.3692617
3.7168584,0,1.631721
3.7218609,0,1.6275748
3.7268634,1,3.9505866
3.7318659,1,2.9823711
3.7368684,0,1.4509847
3.7418709,0,1.7444823
3.7468734,1,3.9957564
3.7518759,1,4.1560984
3.7568784,0,1.3315133
3.7618809,0,2.6245956
3.7668834,1,3.3620276
3.7718859,0,.81380874
3.7768884,0,2.4449837
3.7818909,0,2.550384
3.7868934,0,1.7118725
3.7918959,1,4.6862521
3.7968984,0,1.8173046
3.8019009,0,1.3241539
3.8069034,1,5.5340619
3.8119059,0,1.6703305
3.8169084,1,4.7053771
3.8219109,1,3.1554947
3.8269134,1,4.4004178
3.8319159,1,3.3078513
3.8369184,0,1.9132807
3.8419209,0,1.7858051
3.8469234,0,2.0231771
3.8519258,1,5.2144918
3.8569283,0,2.5166059
3.8619308,0,2.0457392
3.8669336,0,1.7052249
3.8719361,1,3.5788229
3.8769386,0,1.0403988
3.8819411,1,4.120482
3.8869436,0,1.6659034
3.8919461,0,2.4020367
3.8969486,0,2.7655392
3.9019511,1,4.714066
3.9069536,1,4.3461528
3.9119561,0,1.7091631
3.9169586,0,.86269033
3.9219611,0,1.8889996
3.9269636,1,2.7653544
3.9319661,1,4.3460288
3.9369686,0,2.2628028
3.9419711,0,1.4042456
3.9469736,1,3.7716784
3.9519761,1,3.8534942
3.9569786,0,1.4465604
3.9619811,1,4.0896974
3.9669836,0,2.7814422
3.9719861,1,4.0904312
3.9769886,1,3.4576073
3.9819911,1,3.380841
3.9869936,0,1.471074
3.991996,0,1.8809022
3.9969985,0,2.3343191
4.0020008,0,1.0469717
4.0070033,1,3.5932193
4.0120058,1,3.4749689
4.0170083,0,1.7555437
4.0220108,0,1.8714995
4.0270133,0,2.459074
4.0320158,0,.77748835
4.0370183,0,1.9366169
4.0420208,1,2.9949827
4.0470233,0,1.9332755
4.0520258,0,.13908754
4.0570283,0,2.1106777
4.0620308,0,1.8149197
4.0670333,1,4.2562389
4.0720358,1,3.5144134
4.0770383,0,1.7344375
4.0820408,1,4.084444
4.0870433,0,2.4502625
4.0920463,1,3.8006756
4.0970488,0,2.4195828
4.1020513,0,1.6967535
4.1070538,1,3.5296826
4.1120563,0,2.1768332
4.1170588,0,1.287253
4.1220613,1,3.26613
4.1270638,0,.8681255
4.1320662,1,3.3070676
4.1370687,0,2.0059187
4.1420712,1,3.5388837
4.1470737,1,3.4606211
4.1520762,1,2.8146825
4.1570787,0,1.938781
4.1620812,1,3.0269089
4.1670837,0,3.0211859
4.1720862,1,4.6703682
4.1770887,1,4.0929637
4.1820912,1,4.9570947
4.1870937,0,1.8554858
4.1920962,1,4.358983
4.1970987,1,4.2409453
4.2021012,0,2.2820518
4.2071037,0,2.2721157
4.2121062,1,3.9940755
4.2171087,0,2.7131569
4.2221112,0,2.5610795
4.2271137,0,1.4352919
4.2321162,1,2.9779978
4.2371187,0,1.4239333
4.2421212,0,1.9360985
4.2471237,1,3.6219239
4.2521262,0,3.0524309
4.2571287,1,4.220798
4.2621312,1,4.4256997
4.2671337,1,4.5742288
4.2721362,0,2.6072385
4.2771387,1,3.4962411
4.2821412,1,4.4634781
4.2871437,1,5.1400161
4.2921462,1,4.1045375
4.2971487,0,1.1887904
4.3021512,1,4.2319798
4.3071537,0,2.4185474
4.3121562,0,2.2566726
4.3171587,1,4.1008544
4.3221612,0,1.7700316
4.3271637,1,4.6352777
4.3321662,0,3.4619913
4.3371687,0,2.3866549
4.3421712,0,2.8060455
4.3471737,0,1.4589618
4.3521762,1,2.5189888
4.3571787,0,1.4775705
4.3621812,0,1.2378308
4.3671837,0,2.9309273
4.3721862,0,2.2684023
4.3771887,1,4.0679531
4.3821912,1,4.4669237
4.3871937,0,2.2187903
4.3921962,1,3.8693008
4.3971987,0,2.6988654
4.4022012,1,4.0063348
4.4072037,1,3.6057439
4.4122062,0,2.5932143
4.4172087,1,4.9518967
4.4222112,1,4.7112308
4.4272137,0,2.0661492
4.4322162,0,2.2931952
4.4372187,0,2.4551756
4.4422212,1,3.1584804
4.4472237,1,4.1786842
4.4522262,0,1.8137448
4.4572287,1,3.2636366
4.4622312,0,3.1445434
4.4672337,0,1.9648921
4.4722362,1,4.6605916
4.4772387,0,3.0476203
4.4822412,0,2.475687
4.4872437,1,5.0231309
4.4922462,1,4.1495705
4.4972486,0,3.5940588
4.5022511,0,1.6426178
4.5072536,1,4.5762486
4.5122561,1,5.4852896
4.5172586,1,4.0554085
4.5222611,0,1.4331819
4.5272636,0,3.5774081
4.5322661,1,4.6358223
4.5372686,1,4.8858881
4.5422711,1,4.9157906
4.5472736,0,1.4218709
4.5522761,0,1.9640309
4.5572786,0,3.3373995
4.5622811,0,2.6252367
4.5672836,1,4.2955999
4.5722861,1,3.639745
4.5772886,0,1.0098751
4.5822911,0,2.7382033
4.5872936,0,3.1666996
4.5922961,1,4.778583
4.5972986,0,1.2774806
4.6023011,1,4.1020193
4.6073036,0,3.2049317
4.6123061,1,4.2487698
4.6173086,0,2.7413003
4.6223111,1,4.0204535
4.6273136,1,4.1021886
4.6323161,0,1.5061184
4.6373186,0,2.6911337
4.6423211,0,2.2169611
4.6473236,0,3.0436842
4.6523261,1,3.2310121
4.6573286,0,3.1206985
4.6623311,1,4.7679448
4.6673336,1,3.4242043
4.6723361,1,4.68433
4.6773386,1,4.6756487
4.6823411,0,2.8098774
4.6873436,1,3.1960995
4.6923461,1,4.8429499
4.6973486,1,4.6607604
4.7023511,1,3.4737682
4.7073536,0,1.4254968
4.7123561,0,2.420181
4.7173586,0,3.0162346
4.7223611,0,3.1976459
4.7273636,0,1.0343248
4.7323661,1,5.2385449
4.7373686,0,1.339239
4.7423711,0,2.1362975
4.7473736,1,3.8862903
4.7523761,0,.95619571
4.7573786,1,3.2840648
4.7623811,0,2.422327
4.7673836,0,2.426645
4.7723861,1,5.1833711
4.7773886,0,1.5096911
4.7823911,0,3.4987898
4.7873936,1,4.2536402
4.7923961,1,4.1108446
4.7973986,0,2.0277121
4.8024011,1,3.1389897
4.8074036,0,2.6635375
4.8124061,1,3.7848029
4.8174086,1,3.991703
4.8224111,0,3.2168481
4.8274136,1,3.384414
4.8324161,0,2.3692861
4.8374186,1,3.8480597
4.8424211,1,4.4970646
4.8474236,1,5.3522272
4.8524261,1,4.7588301
4.8574286,0,2.8935611
4.862431,0,1.8635025
4.8674335,0,2.0801272
4.872436,0,2.4865196
4.8774385,1,4.3392634
4.882441,0,3.3837314
4.8874435,0,2.7329502
4.892446,1,2.6999462
4.8974485,0,2.0043175
4.902451,0,1.7335527
4.9074535,0,1.8905015
4.912456,0,1.9565637
4.9174585,0,2.1749959
4.922461,1,4.076551
4.9274635,1,3.8278909
4.932466,0,3.1417494
4.9374685,1,4.3769794
4.942471,1,5.3852758
4.9474735,1,3.9161215
4.952476,0,1.9237348
4.9574785,0,1.1584421
4.962481,1,4.9423685
4.9674835,1,3.8191357
4.972486,1,4.3074031
4.9774885,1,4.162219
4.982491,0,2.3867166
4.9874935,1,4.2134666
4.992496,0,2.2193244
4.9974985,0,3.3161895
5.0025015,0,2.1470819
5.007504,1,3.6469369
5.0125065,1,4.4580045
5.017509,1,2.6784432
5.0225115,1,5.3278308
5.027514,1,4.0559344
5.0325165,1,4.4576349
5.037519,1,4.8422756
5.0425215,1,3.8284557
5.047524,1,4.3728986
5.0525265,1,4.7106686
5.057529,1,4.4021568
5.0625315,0,2.2436824
5.067534,1,4.2198782
5.0725365,1,3.974474
5.077539,1,4.282074
5.0825415,1,5.4383278
5.087544,1,4.0461802
5.0925465,0,1.7748454
5.097549,1,3.256041
5.1025515,1,4.2469373
5.107554,1,5.0882864
5.1125565,1,3.7834482
5.117559,1,3.9678183
5.1225615,0,2.6454787
5.127564,0,2.6856916
5.1325665,1,3.3226073
5.137569,1,4.197876
5.1425714,1,4.5029483
5.1475739,1,4.6347804
5.1525764,0,2.0667815
5.1575789,0,2.6258912
5.1625814,1,3.5907376
5.1675839,1,4.9483652
5.1725864,0,1.8121113
5.1775889,1,5.6792798
5.1825914,1,5.0985503
5.1875939,1,4.7059512
5.1925964,1,4.7032933
5.1975989,1,4.6798072
5.2026014,0,1.9685503
5.2076039,1,3.7314811
5.2126064,1,4.1707749
5.2176089,1,4.6497154
5.2226114,1,5.033185
5.2276139,0,2.8818092
5.2326164,1,4.5227475
5.2376189,1,5.434804
5.2426214,1,4.8906212
5.2476239,1,4.1015725
5.2526264,1,5.1851773
5.2576289,1,4.4650168
5.2626314,0,1.9328955
5.2676339,1,4.0135298
5.2726364,1,4.1322427
5.2776389,1,4.9404287
5.2826414,1,5.1610641
5.2876439,1,4.3546824
5.2926464,1,5.327827
5.2976489,1,4.2392025
5.3026514,1,5.0356627
5.3076539,1,4.5120893
5.3126564,1,4.2699471
5.3176589,1,4.3859468
5.3226614,1,4.254458
5.3276639,0,2.0686352
5.3326664,1,4.86554
5.3376689,1,3.7646866
5.3426714,0,2.24965
5.3476739,0,2.5411794
5.3526764,1,3.9236944
5.3576789,1,3.0086896
5.3626814,1,4.4348998
5.3676839,1,3.6007833
5.3726864,1,3.9972816
5.3776889,1,4.6834426
5.3826914,0,.73095137
5.3876939,1,3.1808131
5.3926964,1,4.3052201
5.3976989,1,5.5214257
5.4027014,1,4.2902808
5.4077039,0,2.239548
5.4127064,0,2.8380625
5.4177089,0,2.7308288
5.4227114,1,5.0440345
5.4277139,1,4.6052661
5.4327164,0,1.6172738
5.4377189,1,4.3394194
5.4427214,1,3.2932394
5.4477239,1,3.7462771
5.4527264,0,2.404103
5.4577289,1,4.4079304
5.4627314,1,5.2798738
5.4677339,0,2.4310646
5.4727364,0,1.4783618
5.4777389,1,5.2965713
5.4827414,1,4.6805019
5.4877439,0,1.9096152
5.4927464,1,4.214314
5.4977489,1,3.8978534
5.5027514,1,3.1136401
5.5077538,1,4.2048674
5.5127563,1,4.663765
5.5177588,1,4.2317104
5.5227613,1,2.4903173
5.5277638,0,1.8871441
5.5327663,1,4.5142927
5.5377688,1,4.6725435
5.5427713,0,1.4890065
5.5477738,1,4.0900588
5.5527763,1,5.1321883
5.5577788,0,1.3838228
5.5627813,1,4.8692713
5.5677838,0,2.6340196
5.5727863,1,3.8966231
5.5777888,0,3.0897999
5.5827913,1,3.7241983
5.5877938,1,4.7302752
5.5927963,0,3.0006154
5.5977988,1,4.3137326
5.6028013,1,4.5252485
5.6078038,1,4.8117561
5.6128063,1,4.8163366
5.6178088,0,1.8480183
5.6228113,1,5.0752683
5.6278138,1,4.6518712
5.6328163,1,4.1810675
5.6378188,1,4.30339
5.6428213,1,3.0473375
5.6478238,0,2.6863117
5.6528263,1,5.1122856
5.6578288,1,5.1077895
5.6628313,1,3.3966911
5.6678338,1,5.0594325
5.6728363,1,4.6975813
5.6778388,1,3.7464976
5.6828413,1,4.6719956
5.6878438,1,5.79251
5.6928463,1,4.1163106
5.6978488,1,3.9000895
5.7028513,1,4.3116493
5.7078538,0,1.6135638
5.7128563,1,4.3844914
5.7178588,0,2.7817383
5.7228613,1,3.8787684
5.7278638,1,4.2335711
5.7328663,1,4.4511957
5.7378688,1,4.4452758
5.7428713,1,4.5402951
5.7478738,1,3.9306302
5.7528763,1,3.8215244
5.7578788,1,4.8161063
5.7628813,1,3.4161654
5.7678838,1,3.9557979
5.7728863,1,5.625442
5.7778888,1,4.7044182
5.7828913,0,2.3229868
5.7878938,1,3.1671474
5.7928963,1,4.2002234
5.7978988,1,5.3803015
5.8029013,0,2.0776114
5.8079038,0,2.049993
5.8129063,1,4.1765265
5.8179088,1,4.0198278
5.8229113,1,3.3722129
5.8279138,1,4.3800597
5.8329163,1,3.7845941
5.8379188,1,6.8090148
5.8429213,1,4.1676683
5.8479238,1,4.5850277
5.8529263,0,2.2928562
5.8579288,1,4.446979
5.8629313,1,4.0662913
5.8679338,1,5.0041447
5.8729362,1,5.1988778
5.8779387,1,4.7333398
5.8829412,0,2.5664411
5.8879437,1,4.9167123
5.8929462,1,4.4575472
5.8979487,1,5.0286117
5.9029512,1,4.7515745
5.9079537,1,4.0329528
5.9129567,1,4.3347659
5.9179592,1,5.0860586
5.9229617,1,4.7299328
5.9279642,1,4.8016057
5.9329667,1,5.6535835
5.9379692,1,5.1902542
5.9429717,1,5.1377263
5.9479742,1,4.6714463
5.9529767,1,4.5115457
5.9579792,1,4.6116467
5.9629817,1,4.9621258
5.9679842,1,4.2491202
5.9729867,1,4.926136
5.9779892,1,4.4336958
5.9829917,1,3.9874277
5.9879942,1,5.1115685
5.9929967,1,5.1716151
5.9979992,1,3.736114
6.0030017,1,3.7015038
6.0080042,1,4.8305025
6.0130067,1,5.0393949
6.0180092,1,5.1566706
6.0230117,1,3.9222879
6.0280142,1,3.7570448
6.0330167,1,4.7621465
6.0380192,1,4.653337
6.0430217,1,4.7850509
6.0480242,1,4.550312
6.0530267,1,4.440063
6.0580292,0,1.6037847
6.0630317,1,4.3400545
6.0680342,1,4.8403754
6.0730367,1,4.7784567
6.0780392,1,4.5098066
6.0830417,1,3.5535679
6.0880442,1,4.7108307
6.0930467,1,4.4505234
6.0980492,1,4.6159701
6.1030517,1,4.5318141
6.1080542,1,5.0825458
6.1130567,1,4.0458422
6.1180592,1,3.9479861
6.1230617,0,3.1562583
6.1280642,0,3.0634317
6.1330667,1,4.523941
6.1380692,1,4.2534375
6.1430717,1,3.8917143
6.1480742,1,4.0671287
6.1530766,0,1.8114306
6.1580791,0,1.9871699
6.1630816,0,3.1549234
6.1680841,1,5.2746363
6.1730866,0,2.4850135
6.1780891,1,3.3815205
6.1830916,1,4.4787831
6.1880941,1,5.5333095
6.1930966,0,2.4307566
6.1980991,1,4.7994418
6.2031016,1,5.0438724
6.2081041,1,4.6797047
6.2131066,1,4.5125036
6.2181091,1,5.1684208
6.2231116,1,5.0032387
6.2281141,1,5.4447103
6.2331166,1,4.5424104
6.2381191,1,4.1228209
6.2431216,1,3.8207772
6.2481241,1,5.1992421
6.2531266,1,5.5948982
6.2581291,1,4.1934218
6.2631316,1,4.5448012
6.2681341,1,4.9989214
6.2731366,0,3.1991401
6.2781391,0,2.5534954
6.2831416,1,5.7178555
6.2881441,0,2.5775223
6.2931466,1,5.2738638
6.2981491,1,4.4334354
6.3031516,1,4.9083881
6.3081541,1,4.4956946
6.3131566,0,3.3259563
6.3181591,1,3.7294483
6.3231616,0,1.8509781
6.3281641,0,1.9819013
6.3331666,1,5.5246043
6.3381691,1,5.159565
6.3431716,1,5.0770802
6.3481741,1,4.3940716
6.3531766,1,3.8943748
6.3581791,0,2.4216628
6.3631816,1,4.4488502
6.3681841,0,3.3876567
6.3731866,0,2.2005672
6.3781891,1,4.0333934
6.3831916,0,2.302283
6.3881941,1,4.6129951
6.3931966,1,4.5612173
6.3981991,0,1.4964871
6.4032016,1,4.3892021
6.4082041,1,3.1589508
6.4132066,1,5.0398445
6.4182091,0,1.9104664
6.4232116,1,3.8936028
6.4282141,1,4.5703549
6.4332166,1,4.8997755
6.4382191,0,1.6604805
6.4432216,1,5.0889902
6.4482241,1,3.4902472
6.4532266,1,4.7784352
6.4582291,1,4.8898249
6.4632316,1,4.8019824
6.4682341,1,4.1020322
6.4732366,1,5.2472982
6.4782391,1,4.7320566
6.4832416,1,4.8395724
6.4882441,0,2.2909207
6.4932466,1,4.3560839
6.4982491,1,5.4255476
6.5032516,1,4.4349408
6.5082541,0,2.1777921
6.5132565,1,4.8588176
6.518259,1,4.5704923
6.5232615,1,4.5102119
6.528264,1,5.8096142
6.5332665,1,5.3441119
6.538269,1,3.9215238
6.5432715,1,3.8476191
6.548274,1,5.3748755
6.5532765,1,4.451829
6.558279,1,3.9648058
6.5632815,1,5.1429267
6.568284,1,5.3437099
6.5732865,1,5.5010362
6.578289,0,2.3405275
6.5832915,1,4.2228451
6.588294,1,4.1102176
6.5932965,1,4.9277883
6.598299,1,5.0761189
6.6033015,0,2.7148712
6.608304,1,4.5230327
6.6133065,1,5.6222577
6.618309,0,2.339355
6.6233115,1,4.6642456
6.628314,1,5.3587718
6.6333165,1,4.8792982
6.638319,1,4.5565162
6.6433215,1,5.1334586
6.648324,1,4.5622387
6.6533265,1,4.0086436
6.658329,1,4.2692966
6.6633315,1,4.4310637
6.668334,0,3.2624295
6.6733365,1,4.6001272
6.678339,1,4.5514598
6.6833415,1,5.5076337
6.688344,1,3.4979358
6.6933465,1,4.215488
6.698349,0,2.5300958
6.7033515,1,5.314445
6.708354,0,2.390147
6.7133565,1,4.9082298
6.718359,0,3.0559084
6.7233615,1,3.6316893
6.728364,0,2.3610625
6.7333665,0,3.1533155
6.738369,1,5.6088438
6.7433715,1,4.3121972
6.748374,1,4.9393353
6.7533765,1,4.5410862
6.758379,1,4.3223815
6.7633815,1,5.2521214
6.768384,1,5.0697365
6.7733865,1,5.226203
6.778389,0,3.3841436
6.7833915,1,5.4512954
6.788394,1,4.1821446
6.7933965,1,3.6590369
6.798399,1,3.8151245
6.8034015,1,5.4492745
6.808404,1,4.7360282
6.8134065,1,4.7629938
6.8184094,1,5.0905104
6.8234119,1,3.7688863
6.8284144,0,3.2483885
6.8334169,1,4.0643225
6.8384194,1,3.9734683
6.8434219,1,4.6703048
6.8484244,1,4.7280817
6.8534269,1,4.2475605
6.8584294,1,4.6887546
6.8634319,1,4.8466182
6.8684344,1,4.9988246
6.8734369,0,2.899678
6.8784394,1,4.3871293
6.8834419,1,5.0552039
6.8884444,1,3.8089979
6.8934469,1,5.1677847
6.8984494,1,4.6249685
6.9034519,1,4.0440912
6.9084544,1,3.7565906
6.9134569,1,4.7793489
6.9184594,1,4.6233039
6.9234619,1,5.1656241
6.9284644,1,5.1037817
6.9334669,0,2.0220106
6.9384694,1,4.6719036
6.9434719,1,4.4120326
6.9484744,1,5.3330417
6.9534769,0,3.6287873
6.9584794,1,5.9909267
6.9634819,1,3.3175421
6.9684844,1,5.093183
6.9734869,1,4.1191545
6.9784894,1,5.0860028
6.9834919,1,4.4469986
6.9884944,1,4.9663057
6.9934969,1,5.8791852
6.9984994,0,2.7857018
7.0035019,1,5.4617815
7.0085044,1,3.9019241
7.0135069,1,4.5404339
7.0185094,0,2.3053434
7.0235119,1,4.8889132
7.0285144,0,3.0667741
7.0335169,1,4.5500045
7.0385194,1,5.3724432
7.0435219,1,3.9696333
7.0485244,1,5.1938252
7.0535269,1,4.9941411
7.0585294,1,3.9804132
7.0635319,1,4.9595704
7.0685344,1,5.340189
7.0735369,1,5.3509979
7.0785394,1,5.2527943
7.0835419,1,5.4998908
7.0885444,1,4.966331
7.0935469,1,3.8698869
7.0985494,1,4.2225595
7.1035519,0,3.9252429
7.1085544,1,3.7808313
7.1135569,1,5.4460111
7.1185594,0,3.2981291
7.1235619,1,4.795589
7.1285644,1,4.8454299
7.1335669,1,4.4244242
7.1385694,1,4.6592016
7.1435719,1,4.870471
7.1485744,1,4.2183757
7.1535769,1,3.3753016
7.1585793,1,4.2163692
7.1635818,1,4.8916373
7.1685843,1,4.8028054
7.1735868,1,3.740979
7.1785893,1,4.567471
7.1835918,1,5.3038893
7.1885943,1,5.3959069
7.1935968,1,5.3010721
7.1985993,0,3.8465853
7.2036018,1,4.8540268
7.2086043,0,3.3378177
7.2136068,1,4.4429832
7.2186093,1,4.3325167
7.2236118,1,4.0409369
7.2286143,1,4.3789597
7.2336168,1,4.4179935
7.2386193,1,5.1604309
7.2436218,1,5.3764987
7.2486243,1,4.0145526
7.2536268,1,4.8892894
7.2586293,1,5.0311985
7.2636318,1,4.7213135
7.2686343,1,4.9712558
7.2736368,0,3.0869029
7.2786393,1,4.9150548
7.2836418,0,3.0604291
7.2886443,1,4.2615986
7.2936468,1,4.6835928
7.2986493,1,5.3556595
7.3036518,0,2.0891402
7.3086543,0,2.8489745
7.3136568,1,4.1644239
7.3186593,1,5.356338
7.3236618,1,4.1475596
7.3286643,1,4.2108989
7.3336668,1,4.5628209
7.3386693,1,5.2556577
7.3436718,1,4.7218862
7.3486743,1,5.3567853
7.3536768,1,5.5589452
7.3586793,1,4.7124925
7.3636818,1,4.3205056
7.3686843,1,4.7068968
7.3736868,1,4.8381371
7.3786893,1,4.6580925
7.3836918,1,5.0932679
7.3886943,1,4.6193123
7.3936968,1,3.9424229
7.3986993,1,5.7377539
7.4037018,1,4.4691834
7.4087043,1,5.4317946
7.4137068,1,4.7865314
7.4187093,1,4.8087254
7.4237118,1,5.3509636
7.4287143,1,5.0614281
7.4337168,1,4.6091065
7.4387193,1,4.5564899
7.4437218,1,4.796814
7.4487243,1,4.4339089
7.4537268,1,5.737958
7.4587293,1,4.54108
7.4637318,1,4.5133648
7.4687343,1,4.3228898
7.4737368,1,5.1522503
7.4787393,1,4.4792833
7.4837418,1,4.799387
7.4887443,1,4.6294122
7.4937468,1,5.1784968
7.4987493,1,5.0315242
7.5037518,1,4.5754466
7.5087543,1,4.4076762
7.5137568,1,5.2980847
7.5187593,1,4.5250826
7.5237617,1,3.0033491
7.5287642,1,5.0816784
7.5337667,1,4.8952489
7.5387692,1,5.1173525
7.5437717,1,5.6265688
7.5487742,1,4.7632165
7.5537767,1,4.6644778
7.5587792,1,4.8589573
7.5637817,1,4.5676446
7.5687842,0,2.9597654
7.5737867,1,5.3043218
7.5787892,1,5.3263297
7.5837917,1,4.2755008
7.5887942,0,2.7428803
7.5937967,1,5.0119042
7.5987992,1,5.1270347
7.6038017,1,5.8232317
7.6088042,1,5.1403265
7.6138067,1,4.5358562
7.6188092,1,3.4975538
7.6238117,1,6.131772
7.6288142,1,6.2624588
7.6338167,1,5.6217046
7.6388192,1,5.2222486
7.6438217,1,5.5549107
7.6488242,1,5.7919669
7.6538267,0,2.8799491
7.6588292,1,5.1338134
7.6638317,0,2.4048202
7.6688342,0,2.1407011
7.6738367,1,5.2622519
7.6788392,0,2.5049169
7.6838417,1,5.4334407
7.6888442,1,4.5142441
7.6938467,1,5.3226447
7.6988492,1,4.4494877
7.7038517,1,4.9763408
7.7088542,1,4.9325676
7.7138567,1,5.1239514
7.7188592,1,6.0963969
7.7238617,1,5.0330949
7.7288647,1,5.1352181
7.7338672,1,5.3907919
7.7388697,1,5.3367009
7.7438722,1,5.438952
7.7488747,1,4.9747524
7.7538772,1,4.2333283
7.7588797,1,4.7225394
7.7638822,1,5.8485384
7.7688847,1,4.2468171
7.7738872,1,6.0068226
7.7788897,1,5.1010919
7.7838922,1,4.6157446
7.7888947,1,4.3887534
7.7938972,1,5.2374086
7.7988997,1,4.5852489
7.8039021,1,5.2776423
7.8089046,1,4.6728535
7.8139071,1,4.9699268
7.8189096,1,5.352221
7.8239121,1,5.3197756
7.8289146,1,5.3816881
7.8339171,1,4.895864
7.8389196,1,5.6042657
7.8439221,1,3.912571
7.8489246,1,4.7440691
7.8539271,0,3.2104526
7.8589296,1,5.3279395
7.8639321,1,5.1209064
7.8689346,1,4.9020081
7.8739371,1,4.45046
7.8789396,1,4.6522646
7.8839421,1,4.95646
7.8889446,1,4.6155133
7.8939471,1,3.4420269
7.8989496,1,5.3324399
7.9039521,1,5.246695
7.9089546,1,6.0517874
7.9139571,0,2.6932206
7.9189596,1,5.39394
7.9239621,1,5.2845392
7.9289646,1,4.4193783
7.9339671,1,6.0115075
7.9389696,1,5.1981812
7.9439721,1,5.0953937
7.9489746,1,5.0343046
7.9539771,1,6.4459109
7.9589796,1,4.8622513
7.9639821,1,4.5280175
7.9689846,1,4.630249
7.9739871,1,5.1121178
7.9789896,1,6.453732
7.9839921,1,5.496079
7.9889946,1,6.1491323
7.9939971,1,5.3700247
7.9989996,1,5.3512006
8.0040016,1,4.0752277
8.0090046,1,5.5226378
8.0140066,1,5.2072201
8.0190096,1,4.7464724
8.0240116,1,5.3149872
8.0290146,1,4.3014913
8.0340166,1,5.0329423
8.0390196,1,4.1013536
8.0440216,1,4.8099213
8.0490246,1,4.8820291
8.0540266,1,4.4437251
8.0590296,1,5.4617572
8.0640316,1,5.5428329
8.0690346,1,5.5427194
8.0740366,1,5.2119136
8.0790396,1,4.5696902
8.0840416,1,4.2195621
8.0890446,1,4.7897744
8.0940466,1,4.7406464
8.0990496,1,5.2336907
8.1040516,1,4.9851551
8.1090546,0,2.0440197
8.1140566,1,5.1554728
8.1190596,1,5.7124996
8.1240616,1,5.1213784
8.1290646,1,4.1677952
8.1340666,1,5.5425253
8.1390696,1,5.7610316
8.1440716,1,4.2971535
8.1490746,1,4.7823939
8.1540766,1,5.2846084
8.1590796,1,5.2216129
8.1640816,1,5.2942781
8.1690845,1,4.1249628
8.1740866,1,4.5498738
8.1790895,1,5.3388715
8.1840925,1,4.9235873
8.1890945,1,5.9075308
8.1940975,1,5.8564162
8.1990995,0,4.0607877
8.2041025,1,5.7526069
8.2091045,1,4.3456688
8.2141075,1,5.4708419
8.2191095,0,2.9157553
8.2241125,1,4.5004992
8.2291145,1,4.7037687
8.2341175,1,5.2421517
8.2391195,1,5.1361442
8.2441225,1,5.3771338
8.2491245,1,4.5632548
8.2541275,1,4.4536109
8.2591295,1,5.5375476
8.2641325,1,5.1801996
8.2691345,1,5.6158237
8.2741375,0,2.9657631
8.2791395,1,4.5453944
8.2841425,1,5.7768111
8.2891445,1,4.2766538
8.2941475,1,3.8487747
8.2991495,1,4.8873401
8.3041525,1,5.1583595
8.3091545,1,5.1214042
8.3141575,1,5.2273612
8.3191595,1,4.6503358
8.3241625,1,4.8398461
8.3291645,1,5.4022145
8.3341675,1,4.3687124
8.3391695,0,1.9006748
8.3441725,1,5.3054018
8.3491745,1,5.3592582
8.3541775,1,5.5829983
8.3591795,1,5.9140439
8.3641825,1,5.1588845
8.3691845,1,5.3166199
8.3741875,1,3.6062434
8.3791895,1,4.5284419
8.3841925,1,4.5499816
8.3891945,1,4.8545065
8.3941975,1,4.8253493
8.3991995,1,5.5100508
8.4042025,1,4.6485047
8.4092045,1,5.1717234
8.4142075,1,5.6333766
8.4192095,1,5.3482404
8.4242125,1,5.4911685
8.4292145,1,4.620934
8.4342175,1,4.4960585
8.4392195,1,6.2469845
8.4442225,1,4.541491
8.4492245,1,4.7135544
8.4542274,1,4.315021
8.4592295,1,4.6331415
8.4642324,1,6.2564688
8.4692345,1,5.2326226
8.4742374,0,2.7170255
8.4792395,1,5.6589565
8.4842424,1,4.1299009
8.4892445,1,5.1281724
8.4942474,1,5.0076289
8.4992495,1,4.9737768
8.5042524,1,5.0785856
8.5092545,1,3.928586
8.5142574,1,4.4198222
8.5192595,1,5.3159699
8.5242624,1,4.7619514
8.5292645,1,5.0265846
8.5342674,1,5.0700564
8.5392694,1,5.7339582
8.5442724,1,4.8887839
8.5492744,0,2.8839409
8.5542774,1,5.3737912
8.5592794,1,4.763648
8.5642824,1,4.6227436
8.5692844,1,5.3034682
8.5742874,1,5.1723228
8.5792894,1,5.9233947
8.5842924,1,5.0348516
8.5892944,1,5.900672
8.5942974,1,5.5002375
8.5992994,1,5.4080882
8.6043024,1,4.6594143
8.6093044,1,4.1347628
8.6143074,1,6.1731043
8.6193094,1,5.1653595
8.6243124,1,5.264493
8.6293144,1,5.3513412
8.6343174,1,5.0512266
8.6393194,1,5.4877882
8.6443224,1,4.2576613
8.6493244,1,5.0921621
8.6543274,0,2.1122608
8.6593294,1,4.7623258
8.6643324,1,4.3280325
8.6693344,1,5.4088068
8.6743374,1,4.7867103
8.6793394,1,4.943779
8.6843424,1,5.2685447
8.6893444,1,4.8315501
8.6943474,1,4.7584209
8.6993494,1,4.5689759
8.7043524,1,4.9902563
8.7093544,1,5.1463013
8.7143574,1,6.0527196
8.7193594,1,4.7301049
8.7243624,0,3.6165919
8.7293644,1,5.0150919
8.7343674,1,4.3505416
8.7393694,1,5.1730399
8.7443724,1,5.5645361
8.7493744,1,5.8170948
8.7543774,1,5.4280553
8.7593794,1,5.6786122
8.7643824,1,4.9641032
8.7693844,1,5.3908777
8.7743874,1,5.5719018
8.7793894,1,4.6298828
8.7843924,1,5.8833485
8.7893944,1,3.9258142
8.7943974,1,5.2080092
8.7993994,1,5.2981796
8.8044024,1,4.8820791
8.8094044,1,5.1037369
8.8144073,1,6.2421312
8.8194094,1,4.838614
8.8244123,1,5.7458277
8.8294144,1,4.8753877
8.8344173,1,5.7694831
8.8394194,1,5.7341242
8.8444223,1,5.0674205
8.8494244,1,5.0225153
8.8544273,1,4.817049
8.8594294,1,4.9844189
8.8644323,1,5.7067003
8.8694344,1,5.4867072
8.8744373,1,5.3635583
8.8794394,1,4.8306704
8.8844423,1,4.3302712
8.8894444,0,2.9447732
8.8944473,1,4.4410048
8.8994493,1,5.0101933
8.9044523,1,4.7299452
8.9094543,1,5.2307038
8.9144573,1,5.1538754
8.9194593,1,4.927218
8.9244623,1,5.365695
8.9294643,1,6.336556
8.9344673,1,5.2046103
8.9394693,1,4.5118065
8.9444723,1,4.7355971
8.9494743,1,4.9546995
8.9544773,1,5.3645883
8.9594793,1,5.6568251
8.9644823,1,4.8841209
8.9694843,1,5.2680006
8.9744873,1,5.6524549
8.9794893,1,4.8366861
8.9844923,1,4.3195686
8.9894943,1,5.5914254
8.9944973,1,5.557622
8.9994993,1,5.3408246
9.0045023,0,2.7401607
9.0095043,1,4.8698535
9.0145073,1,4.8308778
9.0195093,1,5.4964805
9.0245123,1,4.9160151
9.0295143,1,5.2142248
9.0345173,1,4.779026
9.0395193,1,4.9802828
9.0445223,1,5.7376904
9.0495243,1,5.1563034
9.0545273,1,5.8171105
9.0595293,1,5.5494413
9.0645323,1,5.2076802
9.0695343,1,5.5969067
9.0745373,1,4.7832184
9.0795393,1,4.6454778
9.0845423,1,6.1052475
9.0895443,1,5.9077024
9.0945473,1,5.4072223
9.0995502,1,4.6240468
9.1045523,1,6.074719
9.1095552,1,5.5499721
9.1145573,1,5.4116063
9.1195602,1,5.211287
9.1245623,1,5.6206603
9.1295652,1,4.9758983
9.1345673,1,5.4254227
9.1395702,1,5.2425928
9.1445723,1,5.5587916
9.1495752,1,5.6471453
9.1545773,1,5.6475124
9.1595802,1,5.701972
9.1645823,1,4.9368839
9.1695852,1,4.5789638
9.1745872,1,5.2499766
9.1795902,1,5.5253878
9.1845922,0,3.1883521
9.1895952,1,5.0699153
9.1945972,1,5.2803192
9.1996002,0,3.3391736
9.2046022,0,3.1846881
9.2096052,1,4.6539974
9.2146072,1,5.9450703
9.2196102,1,5.4035945
9.2246122,1,5.156857
9.2296152,1,4.1455369
9.2346172,1,4.8331213
9.2396202,1,4.7575617
9.2446222,1,5.3541956
9.2496252,1,5.7096448
9.2546272,1,5.2084665
9.2596302,1,5.6612573
9.2646322,1,5.2959251
9.2696352,1,4.6886353
9.2746372,1,5.325654
9.2796402,0,3.3942153
9.2846422,1,5.6403332
9.2896452,1,5.1840897
9.2946472,1,4.2564569
9.2996502,1,5.546236
9.3046522,1,5.2872424
9.3096552,1,4.9561095
9.3146572,1,4.79423
9.3196602,1,5.7491455
9.3246622,1,4.9766374
9.3296652,1,5.0138116
9.3346672,1,6.0047832
9.3396702,1,4.9053683
9.3446722,1,5.634563
9.3496752,1,5.3435144
9.3546772,1,6.3090363
9.3596802,1,5.1046114
9.3646822,1,5.5633574
9.3696852,1,5.9109135
9.3746872,1,5.2828712
9.3796902,1,5.8258801
9.3846922,1,5.3144279
9.3896952,1,5.4718709
9.3946972,1,5.8681021
9.3997002,1,5.3135748
9.4047022,1,4.0722404
9.4097052,1,6.0874805
9.4147072,1,4.2219124
9.4197102,1,4.2418904
9.4247122,1,4.8990908
9.4297152,0,3.1362488
9.4347172,1,5.571167
9.4397202,1,5.8147597
9.4447222,1,5.1722651
9.4497252,1,5.1939483
9.4547272,1,3.7213314
9.4597301,1,4.6331797
9.4647322,1,6.353126
9.4697351,1,5.7637968
9.4747372,1,5.8570571
9.4797401,1,5.2559981
9.4847422,1,6.9520893
9.4897451,1,5.1519322
9.4947472,1,6.0532827
9.4997501,1,4.7639575
9.5047522,1,5.0212493
9.5097551,1,5.7654538
9.5147572,1,4.2354627
9.5197601,1,4.9024792
9.5247622,1,5.1097169
9.5297651,1,4.7846556
9.5347672,1,6.1095538
9.5397701,1,5.614964
9.5447721,1,5.5520625
9.5497751,1,4.3299122
9.5547771,1,5.1664643
9.5597801,1,7.4021983
9.5647821,1,5.6372323
9.5697851,1,5.5198131
9.5747871,1,4.729732
9.5797901,1,5.1390843
9.5847921,1,4.4284492
9.5897951,1,6.3140941
9.5947971,1,5.7197785
9.5998001,1,5.1837878
9.6048021,1,5.2361541
9.6098051,1,5.671277
9.6148071,1,5.4628191
9.6198101,1,5.245532
9.6248121,1,5.1091762
9.6298151,1,5.5435629
9.6348171,1,5.6932621
9.6398201,1,5.5863643
9.6448221,1,5.4823675
9.6498251,1,5.0777473
9.6548271,1,5.0137095
9.6598301,1,4.8867249
9.6648321,1,6.0958195
9.6698351,1,6.0680017
9.6748371,1,6.5359917
9.6798401,1,4.8942633
9.6848421,1,4.8536773
9.6898451,1,5.6788602
9.6948471,1,5.399334
9.6998501,1,6.3182931
9.7048521,1,5.4373684
9.7098551,1,5.6779437
9.7148571,1,4.4027715
9.7198601,1,5.1719522
9.7248621,1,5.6644192
9.7298651,1,5.1673222
9.7348671,1,5.6500568
9.7398701,1,5.6399364
9.7448721,1,4.5956216
9.7498751,1,3.5150678
9.7548771,1,5.1825538
9.7598801,1,6.0227909
9.7648821,1,4.8579988
9.7698851,1,5.5298452
9.7748871,1,5.1136193
9.7798901,1,5.3746481
9.7848921,1,4.6023421
9.7898951,1,5.4530263
9.7948971,1,4.7914314
9.7999001,1,5.1327119
9.8049021,1,5.4975367
9.8099051,1,5.6763287
9.8149071,1,5.0029573
9.81991,1,4.4970183
9.8249121,1,5.8996916
9.829915,1,5.0341225
9.8349171,1,5.8091321
9.83992,1,4.8533192
9.8449221,1,5.5266929
9.849925,1,5.820756
9.8549271,0,4.3351417
9.85993,1,6.202776
9.8649321,1,5.2772627
9.869935,1,6.0082073
9.8749371,1,5.2966857
9.87994,1,5.8158283
9.8849421,1,5.5837955
9.889945,1,5.5768609
9.8949471,1,5.6075573
9.89995,1,5.2411079
9.904952,1,4.529345
9.909955,1,6.2440543
9.914957,1,6.3938937
9.91996,1,5.4674654
9.924962,1,5.2384725
9.929965,1,4.861248
9.934967,1,5.4457083
9.93997,1,6.045125
9.944972,1,6.6888909
9.949975,1,4.6701117
9.954977,1,5.7221065
9.95998,1,5.3516145
9.964982,1,6.2664227
9.969985,1,4.5407205
9.974987,1,6.5254993
9.97999,1,6.1577048
9.984992,1,5.1920424
9.989995,1,5.5532908
9.994997,1,5.9642868
10,1,6.1801167
